source,target,status,rule,confidence
/about,/en/about/,301,existing,high
/blog/circo-ringling-bros-barnum-bailey/,/coleccion/estados-unidos/miscelaneos/scrip-baraboo-jubileo-1933/,301,existing,high
/blog/ringling-bros-barnum-bailey-circus/,/coleccion/estados-unidos/miscelaneos/scrip-baraboo-jubileo-1933/,301,existing,high
/coleccion/,/coleccion/,200,exists,high
/coleccion/1-peso-oro-1954,/coleccion/colombia/1-peso-oro-1954/,301,last-slug,high
/coleccion/colombia/1-peso-oro-1954-banrep/,/coleccion/colombia/1-peso-oro-1954/,301,fuzzy,medium
/coleccion/colombia/10-pesos-oro-1943-anverso,/coleccion/colombia/10-pesos-oro-1943/,301,existing,high
/coleccion/colombia/10-pesos-oro-1943-reverso,/coleccion/colombia/10-pesos-oro-1943/,301,existing,high
/coleccion/colombia/2-pesos-oro-1955,/coleccion/colombia/2-pesos-oro-1944/,301,existing,high
/coleccion/colombia/banco-de-la-republica-2000-pesos-oro,/coleccion/colombia/2000-pesos-oro-1983/,301,existing,high
/coleccion/colombia/nota-v1-ya-no-en-catalogo/,/coleccion/colombia/,301,hub-fallback,low
/coleccion/ecuador/100-sucres-1993,/coleccion/ecuador/,301,existing,high
/coleccion/estados-unidos/renci,/coleccion/estados-unidos/rency/,301,existing,high
/coleccion/estados-unidos/renci/messi-you-have-to-fight-to-reach-your-dream,/coleccion/estados-unidos/rency/messi-you-have-to-fight-to-reach-your-dream/,301,existing,high
/coleccion/estados-unidos/renci/pele-the-beautiful-game,/coleccion/estados-unidos/rency/pele-the-beautiful-game/,301,existing,high
/coleccion/estados-unidos/renci/trump-never-surrender,/coleccion/estados-unidos/rency/trump-never-surrender/,301,existing,high
/coleccion/estados-unidos/renci/warhol-basquiat-life-is-beautiful,/coleccion/estados-unidos/rency/warhol-basquiat-life-is-beautiful/,301,existing,high
/coleccion/numismatica/colombia,/coleccion/colombia-numismatica/,301,existing,high
/coleccion/numismatica/paises-bajos,/coleccion/paises-bajos-numismatica/,301,existing,high
/coleccion/numismatica/paises-bajos/ducado-utrecht-1761,/coleccion/paises-bajos-numismatica/ducado-utrecht-1761/,301,existing,high
/coleccion/polimero-mundial/america-del-norte/canada,/coleccion/polimero-mundial/Canada/,301,existing,high
/coleccion/polimero-mundial/canada,/coleccion/polimero-mundial/Canada/,301,existing,high
/contact,/en/contact/,301,existing,high
/contacto.dc.html,/contacto/,301,existing,high
/en/acerca-de,/en/about/,301,existing,high
/en/blog/circo-ringling-bros-barnum-bailey/,/en/collection/united-states/miscellaneous/baraboo-golden-jubilee-scrip-1933/,301,existing,high
/en/blog/como-empezar-coleccion-billetes/,/en/blog/how-to-start-a-banknote-collection/,301,existing,high
/en/blog/como-identificar-billetes-falsos/,/en/blog/how-to-identify-counterfeit-banknotes/,301,existing,high
/en/blog/diferencia-numismatica-notafilia/,/en/blog/difference-between-numismatics-and-notaphily/,301,existing,high
/en/blog/mejores-empresas-certificacion-monedas-billetes/,/en/blog/best-coin-and-banknote-grading-companies/,301,existing,high
/en/blog/mylar-si-plastico-no-como-guardar-billetes/,/en/blog/mylar-yes-plastic-no-how-to-store-banknotes/,301,existing,high
/en/blog/numeros-serie-especiales-billetes/,/en/blog/special-serial-numbers-on-banknotes/,301,existing,high
/en/blog/origenes-banca-comercial-colombia-banca-libre/,/en/blog/origins-of-commercial-banking-colombia-free-banking/,301,existing,high
/en/blog/origenes-banca-comercial-puerto-rico/,/en/blog/origins-of-commercial-banking-puerto-rico/,301,existing,high
/en/blog/personajes-billetes-colombia/,/en/blog/figures-on-colombian-banknotes/,301,existing,high
/en/blog/ringling-bros-barnum-bailey-circus/,/en/collection/united-states/miscellaneous/baraboo-golden-jubilee-scrip-1933/,301,existing,high
/en/blog/tres-imprentas-misterio-pie-imprenta-billetes-colombianos/,/en/blog/three-imprints-colombian-banknote-printer/,301,existing,high
/en/buscar/,/en/search/,301,existing,high
/en/coleccion/,/en/collection/,301,existing,high
/en/coleccion/china/,/en/collection/china/,301,existing,high
/en/coleccion/china/100-yuan/,/en/collection/china/100-yuan/,301,existing,high
/en/coleccion/colombia-numismatica/,/en/collection/colombia-numismatics/,301,existing,high
/en/coleccion/colombia-numismatica/1-4-real-santa-marta-1820/,/en/collection/colombia-numismatics/1-4-real-santa-marta-1820/,301,existing,high
/en/coleccion/colombia-numismatica/catalogo/,/en/collection/colombia-numismatics/catalog/,301,existing,high
/en/coleccion/colombia/,/en/collection/colombia/,301,existing,high
/en/coleccion/colombia/1-peso-oro-1945/,/en/collection/colombia/1-peso-oro-1945/,301,existing,high
/en/coleccion/colombia/1-peso-oro-1954/,/en/collection/colombia/1-peso-oro-1954/,301,existing,high
/en/coleccion/colombia/1-peso-oro-1973/,/en/collection/colombia/1-peso-oro-1973/,301,existing,high
/en/coleccion/colombia/1-peso-tolima-1901/,/en/collection/colombia/1-peso-tolima-1901/,301,existing,high
/en/coleccion/colombia/10-pesos-oro-1943-anverso,/en/collection/colombia/10-pesos-oro-1943/,301,existing,high
/en/coleccion/colombia/10-pesos-oro-1943-reverso,/en/collection/colombia/10-pesos-oro-1943/,301,existing,high
/en/coleccion/colombia/10-pesos-oro-1943/,/en/collection/colombia/10-pesos-oro-1943/,301,existing,high
/en/coleccion/colombia/10-pesos-oro-1976/,/en/collection/colombia/10-pesos-oro-1976/,301,existing,high
/en/coleccion/colombia/1000-pesos-error-2008/,/en/collection/colombia/1000-pesos-error-2008/,301,existing,high
/en/coleccion/colombia/1000-pesos-error-2011/,/en/collection/colombia/1000-pesos-error-2011/,301,existing,high
/en/coleccion/colombia/1000-pesos-oro-1979/,/en/collection/colombia/1000-pesos-oro-1979/,301,existing,high
/en/coleccion/colombia/10000-pesos-1994/,/en/collection/colombia/10000-pesos-1994/,301,existing,high
/en/coleccion/colombia/2-pesos-oro-1944/,/en/collection/colombia/2-pesos-oro-1944/,301,existing,high
/en/coleccion/colombia/2-pesos-oro-1955,/en/collection/colombia/2-pesos-oro-1944/,301,existing,high
/en/coleccion/colombia/2000-pesos-2008/,/en/collection/colombia/2000-pesos-2008/,301,existing,high
/en/coleccion/colombia/2000-pesos-2015/,/en/collection/colombia/2000-pesos-2015/,301,existing,high
/en/coleccion/colombia/2000-pesos-oro-1983/,/en/collection/colombia/2000-pesos-oro-1983/,301,existing,high
/en/coleccion/colombia/20000-pesos-2017/,/en/collection/colombia/20000-pesos-2017/,301,existing,high
/en/coleccion/colombia/5-pesos-banco-hipotecario-1881/,/en/collection/colombia/5-pesos-banco-hipotecario-1881/,301,existing,high
/en/coleccion/colombia/5-pesos-oro-1960/,/en/collection/colombia/5-pesos-oro-1960/,301,existing,high
/en/coleccion/colombia/5-pesos-oro-1980/,/en/collection/colombia/5-pesos-oro-1980/,301,existing,high
/en/coleccion/colombia/5-pesos-rio-hacha-1883/,/en/collection/colombia/5-pesos-rio-hacha-1883/,301,existing,high
/en/coleccion/colombia/50000-pesos-error-2008/,/en/collection/colombia/50000-pesos-error-2008/,301,existing,high
/en/coleccion/colombia/50000-pesos-error-2015/,/en/collection/colombia/50000-pesos-error-2015/,301,existing,high
/en/coleccion/colombia/banco-de-la-republica-2000-pesos-oro,/en/collection/colombia/2000-pesos-oro-1983/,301,existing,high
/en/coleccion/colombia/catalogo/,/en/collection/colombia/catalog/,301,existing,high
/en/coleccion/colombia/tiquete-estudiantil-15-centavos/,/en/collection/colombia/tiquete-estudiantil-15-centavos/,301,existing,high
/en/coleccion/ecuador/,/en/collection/ecuador/,301,existing,high
/en/coleccion/ecuador/100-sucres-1993,/en/collection/ecuador/,301,existing,high
/en/coleccion/espana/,/en/collection/spain/,301,existing,high
/en/coleccion/estados-unidos-numismatica/,/en/collection/united-states-numismatics/,301,existing,high
/en/coleccion/estados-unidos-numismatica/1-dolar-trump-1776-2026/,/en/collection/united-states-numismatics/1-dollar-trump-1776-2026/,301,existing,high
/en/coleccion/estados-unidos/,/en/collection/united-states/,301,existing,high
/en/coleccion/estados-unidos/1-dolar-certificado-plata-1957b/,/en/collection/united-states/1-dollar-silver-certificate-1957b/,301,existing,high
/en/coleccion/estados-unidos/1-dolar-serie-2003-atlanta/,/en/collection/united-states/1-dollar-series-2003-atlanta/,301,existing,high
/en/coleccion/estados-unidos/1-dolar-state-bank-new-brunswick/,/en/collection/united-states/1-dollar-state-bank-new-brunswick/,301,existing,high
/en/coleccion/estados-unidos/10-dolares-serie-1934-chicago/,/en/collection/united-states/10-dollars-series-1934-chicago/,301,existing,high
/en/coleccion/estados-unidos/10-dolares-serie-1934a-chicago/,/en/collection/united-states/10-dollars-series-1934a-chicago/,301,existing,high
/en/coleccion/estados-unidos/10-dolares-serie-1934a-cleveland/,/en/collection/united-states/10-dollars-series-1934a-cleveland/,301,existing,high
/en/coleccion/estados-unidos/10-dolares-serie-1934d-richmond/,/en/collection/united-states/10-dollars-series-1934d-richmond/,301,existing,high
/en/coleccion/estados-unidos/20-dolares-confederados-1864/,/en/collection/united-states/20-dollars-confederate-1864/,301,existing,high
/en/coleccion/estados-unidos/5-dolares-city-bank-new-haven/,/en/collection/united-states/5-dollars-city-bank-new-haven/,301,existing,high
/en/coleccion/estados-unidos/5-dolares-confederados-1864/,/en/collection/united-states/5-dollars-confederate-1864/,301,existing,high
/en/coleccion/estados-unidos/5-dolares-continental-1779/,/en/collection/united-states/5-dollars-continental-1779/,301,existing,high
/en/coleccion/estados-unidos/500-dolares-serie-1934a-nueva-york/,/en/collection/united-states/500-dollars-series-1934a-new-york/,301,existing,high
/en/coleccion/estados-unidos/miscelaneos/,/en/collection/united-states/miscellaneous/,301,existing,high
/en/coleccion/estados-unidos/miscelaneos/1-dolar-serie-2006-dallas-wheres-george/,/en/collection/united-states/miscellaneous/1-dollar-series-2006-dallas-wheres-george/,301,existing,high
/en/coleccion/estados-unidos/miscelaneos/nota-prueba-giori-lincoln-memorial/,/en/collection/united-states/miscellaneous/giori-test-note-lincoln-memorial/,301,existing,high
/en/coleccion/estados-unidos/miscelaneos/scrip-baraboo-jubileo-1933/,/en/collection/united-states/miscellaneous/baraboo-golden-jubilee-scrip-1933/,301,existing,high
/en/coleccion/estados-unidos/miscelaneos/scrip-baraboo-jubileo-1933/1-dolar-ringling-bros-a2002/,/en/collection/united-states/miscellaneous/baraboo-golden-jubilee-scrip-1933/1-dollar-ringling-bros-a2002/,301,existing,high
/en/coleccion/estados-unidos/miscelaneos/scrip-baraboo-jubileo-1933/10-centavos-chas-ringling-a2844/,/en/collection/united-states/miscellaneous/baraboo-golden-jubilee-scrip-1933/10-cents-chas-ringling-a2844/,301,existing,high
/en/coleccion/estados-unidos/miscelaneos/scrip-baraboo-jubileo-1933/15-centavos-al-t-ringling-a2819/,/en/collection/united-states/miscellaneous/baraboo-golden-jubilee-scrip-1933/15-cents-al-t-ringling-a2819/,301,existing,high
/en/coleccion/estados-unidos/miscelaneos/scrip-baraboo-jubileo-1933/5-centavos-john-ringling-a4895/,/en/collection/united-states/miscellaneous/baraboo-golden-jubilee-scrip-1933/5-cents-john-ringling-a4895/,301,existing,high
/en/coleccion/estados-unidos/mpc-vietnam/,/en/collection/united-states/mpc-vietnam/,301,existing,high
/en/coleccion/estados-unidos/mpc-vietnam/1-dolar-serie-681/,/en/collection/united-states/mpc-vietnam/1-dollar-series-681/,301,existing,high
/en/coleccion/estados-unidos/mpc-vietnam/10-dolares-serie-641/,/en/collection/united-states/mpc-vietnam/10-dollars-series-641/,301,existing,high
/en/coleccion/estados-unidos/mpc-vietnam/20-dolares-serie-692/,/en/collection/united-states/mpc-vietnam/20-dollars-series-692/,301,existing,high
/en/coleccion/estados-unidos/mpc-vietnam/5-dolares-serie-661/,/en/collection/united-states/mpc-vietnam/5-dollars-series-661/,301,existing,high
/en/coleccion/estados-unidos/renci,/en/collection/united-states/rency/,301,existing,high
/en/coleccion/estados-unidos/rency,/en/collection/united-states/rency/,301,existing,high
/en/coleccion/estados-unidos/rency/life-is-beautiful-life-spray/,/en/collection/united-states/rency/life-is-beautiful-life-spray/,301,existing,high
/en/coleccion/estados-unidos/rency/messi-you-have-to-fight-to-reach-your-dream/,/en/collection/united-states/rency/messi-you-have-to-fight-to-reach-your-dream/,301,existing,high
/en/coleccion/estados-unidos/rency/pele-the-beautiful-game/,/en/collection/united-states/rency/pele-the-beautiful-game/,301,existing,high
/en/coleccion/estados-unidos/rency/trump-never-surrender/,/en/collection/united-states/rency/trump-never-surrender/,301,existing,high
/en/coleccion/estados-unidos/rency/warhol-basquiat-life-is-beautiful/,/en/collection/united-states/rency/warhol-basquiat-life-is-beautiful/,301,existing,high
/en/coleccion/filipinas/,/en/collection/philippines/,301,existing,high
/en/coleccion/filipinas/1-peso/,/en/collection/philippines/1-peso/,301,existing,high
/en/coleccion/filipinas/2-pesos/,/en/collection/philippines/2-pesos/,301,existing,high
/en/coleccion/filipinas/20-pesos/,/en/collection/philippines/20-pesos/,301,existing,high
/en/coleccion/filipinas/5-pesos-banco-nacional-1916/,/en/collection/philippines/5-pesos-national-bank-1916/,301,existing,high
/en/coleccion/filipinas/5-pesos/,/en/collection/philippines/5-pesos/,301,existing,high
/en/coleccion/guatemala/,/en/collection/guatemala/,301,existing,high
/en/coleccion/lazarettos/,/en/collection/lazarettos/,301,existing,high
/en/coleccion/notafilia/,/en/collection/notaphily/,301,existing,high
/en/coleccion/notafilia/catalogo/,/en/collection/notaphily/catalog/,301,existing,high
/en/coleccion/numismatica/,/en/collection/numismatics/,301,existing,high
/en/coleccion/numismatica/colombia,/en/collection/colombia-numismatics/,301,existing,high
/en/coleccion/numismatica/paises-bajos,/en/collection/netherlands-numismatics/,301,existing,high
/en/coleccion/numismatica/paises-bajos/ducado-utrecht-1761,/en/collection/netherlands-numismatics/ducado-utrecht-1761/,301,existing,high
/en/coleccion/paises-bajos-numismatica/,/en/collection/netherlands-numismatics/,301,existing,high
/en/coleccion/paises-bajos-numismatica/ducado-utrecht-1761/,/en/collection/netherlands-numismatics/ducado-utrecht-1761/,301,existing,high
/en/coleccion/paises-bajos/,/en/collection/netherlands/,301,existing,high
/en/coleccion/polimero-mundial/,/en/collection/world-polymer/,301,existing,high
/en/coleccion/polimero-mundial/america-del-norte/,/en/collection/world-polymer/,301,hub-fallback,low
/en/coleccion/polimero-mundial/america-del-norte/canada,/en/collection/world-polymer/Canada/,301,existing,high
/en/coleccion/polimero-mundial/asia/,/en/collection/world-polymer/,301,hub-fallback,low
/en/coleccion/polimero-mundial/asia/malasia/,/en/collection/world-polymer/asia/malaysia/,301,existing,high
/en/coleccion/polimero-mundial/asia/malasia/5-ringgit-abdul-rahman/,/en/collection/world-polymer/asia/malaysia/5-ringgit-abdul-rahman/,301,existing,high
/en/coleccion/polimero-mundial/canada,/en/collection/world-polymer/Canada/,301,existing,high
/en/coleccion/polimero-mundial/Canada/5-dolares-laurier/,/en/collection/world-polymer/Canada/5-dollars-laurier/,301,existing,high
/en/coleccion/polimero-mundial/europa/,/en/collection/world-polymer/,301,hub-fallback,low
/en/coleccion/polimero-mundial/europa/inglaterra/,/en/collection/world-polymer/europe/england/,301,existing,high
/en/coleccion/polimero-mundial/europa/inglaterra/5-libras-churchill/,/en/collection/world-polymer/europe/england/5-pounds-churchill/,301,existing,high
/en/coleccion/puerto-rico/,/en/collection/puerto-rico/,301,existing,high
/en/coleccion/puerto-rico/billete-de-canje-1-peso-1895/,/en/collection/puerto-rico/1-peso-exchange-note-1895/,301,existing,high
/en/coleccion/puerto-rico/junta-central-1-peso-1869/,/en/collection/puerto-rico/central-board-1-peso-1869/,301,existing,high
/en/coleccion/puerto-rico/junta-central-cuba-1869/,/en/collection/puerto-rico/central-board-receipt-1869/,301,existing,high
/en/coleccion/united-states-numismatics/,/en/collection/united-states-numismatics/,301,existing,high
/en/coleccion/united-states-numismatics/1-dollar-trump-1776-2026/,/en/collection/united-states-numismatics/1-dollar-trump-1776-2026/,301,existing,high
/en/coleccion/united-states/,/en/collection/united-states/,301,existing,high
/en/coleccion/united-states/1-dollar-series-2003-atlanta/,/en/collection/united-states/1-dollar-series-2003-atlanta/,301,existing,high
/en/coleccion/united-states/1-dollar-silver-certificate-1957b/,/en/collection/united-states/1-dollar-silver-certificate-1957b/,301,existing,high
/en/coleccion/united-states/1-dollar-state-bank-new-brunswick/,/en/collection/united-states/1-dollar-state-bank-new-brunswick/,301,existing,high
/en/coleccion/united-states/10-dollars-series-1934-chicago/,/en/collection/united-states/10-dollars-series-1934-chicago/,301,existing,high
/en/coleccion/united-states/10-dollars-series-1934a-chicago/,/en/collection/united-states/10-dollars-series-1934a-chicago/,301,existing,high
/en/coleccion/united-states/10-dollars-series-1934a-cleveland/,/en/collection/united-states/10-dollars-series-1934a-cleveland/,301,existing,high
/en/coleccion/united-states/10-dollars-series-1934d-richmond/,/en/collection/united-states/10-dollars-series-1934d-richmond/,301,existing,high
/en/coleccion/united-states/20-dollars-confederate-1864/,/en/collection/united-states/20-dollars-confederate-1864/,301,existing,high
/en/coleccion/united-states/5-dollars-city-bank-new-haven/,/en/collection/united-states/5-dollars-city-bank-new-haven/,301,existing,high
/en/coleccion/united-states/5-dollars-confederate-1864/,/en/collection/united-states/5-dollars-confederate-1864/,301,existing,high
/en/coleccion/united-states/5-dollars-continental-1779/,/en/collection/united-states/5-dollars-continental-1779/,301,existing,high
/en/coleccion/united-states/500-dollars-series-1934a-new-york/,/en/collection/united-states/500-dollars-series-1934a-new-york/,301,existing,high
/en/coleccion/united-states/miscellaneous/,/en/collection/united-states/miscellaneous/,301,existing,high
/en/coleccion/united-states/miscellaneous/1-dollar-series-2006-dallas-wheres-george/,/en/collection/united-states/miscellaneous/1-dollar-series-2006-dallas-wheres-george/,301,existing,high
/en/coleccion/united-states/miscellaneous/baraboo-golden-jubilee-scrip-1933/,/en/collection/united-states/miscellaneous/baraboo-golden-jubilee-scrip-1933/,301,existing,high
/en/coleccion/united-states/miscellaneous/baraboo-golden-jubilee-scrip-1933/1-dollar-ringling-bros-a2002/,/en/collection/united-states/miscellaneous/baraboo-golden-jubilee-scrip-1933/1-dollar-ringling-bros-a2002/,301,existing,high
/en/coleccion/united-states/miscellaneous/baraboo-golden-jubilee-scrip-1933/10-cents-chas-ringling-a2844/,/en/collection/united-states/miscellaneous/baraboo-golden-jubilee-scrip-1933/10-cents-chas-ringling-a2844/,301,existing,high
/en/coleccion/united-states/miscellaneous/baraboo-golden-jubilee-scrip-1933/15-cents-al-t-ringling-a2819/,/en/collection/united-states/miscellaneous/baraboo-golden-jubilee-scrip-1933/15-cents-al-t-ringling-a2819/,301,existing,high
/en/coleccion/united-states/miscellaneous/baraboo-golden-jubilee-scrip-1933/5-cents-john-ringling-a4895/,/en/collection/united-states/miscellaneous/baraboo-golden-jubilee-scrip-1933/5-cents-john-ringling-a4895/,301,existing,high
/en/coleccion/united-states/miscellaneous/giori-test-note-lincoln-memorial/,/en/collection/united-states/miscellaneous/giori-test-note-lincoln-memorial/,301,existing,high
/en/coleccion/united-states/mpc-vietnam/,/en/collection/united-states/mpc-vietnam/,301,existing,high
/en/coleccion/united-states/mpc-vietnam/1-dollar-series-681/,/en/collection/united-states/mpc-vietnam/1-dollar-series-681/,301,existing,high
/en/coleccion/united-states/mpc-vietnam/10-dollars-series-641/,/en/collection/united-states/mpc-vietnam/10-dollars-series-641/,301,existing,high
/en/coleccion/united-states/mpc-vietnam/20-dollars-series-692/,/en/collection/united-states/mpc-vietnam/20-dollars-series-692/,301,existing,high
/en/coleccion/united-states/mpc-vietnam/5-dollars-series-661/,/en/collection/united-states/mpc-vietnam/5-dollars-series-661/,301,existing,high
/en/coleccion/united-states/rency/,/en/collection/united-states/rency/,301,existing,high
/en/coleccion/united-states/rency/life-is-beautiful-life-spray/,/en/collection/united-states/rency/life-is-beautiful-life-spray/,301,existing,high
/en/coleccion/united-states/rency/messi-you-have-to-fight-to-reach-your-dream/,/en/collection/united-states/rency/messi-you-have-to-fight-to-reach-your-dream/,301,existing,high
/en/coleccion/united-states/rency/pele-the-beautiful-game/,/en/collection/united-states/rency/pele-the-beautiful-game/,301,existing,high
/en/coleccion/united-states/rency/trump-never-surrender/,/en/collection/united-states/rency/trump-never-surrender/,301,existing,high
/en/coleccion/united-states/rency/warhol-basquiat-life-is-beautiful/,/en/collection/united-states/rency/warhol-basquiat-life-is-beautiful/,301,existing,high
/en/collection/,/en/collection/,200,exists,high
/en/collection/colombia/1-peso-oro-1954/,/en/collection/colombia/1-peso-oro-1954/,200,exists,high
/en/collection/colombia/10-pesos-oro-1943-anverso,/en/collection/colombia/10-pesos-oro-1943/,301,existing,high
/en/collection/colombia/10-pesos-oro-1943-reverso,/en/collection/colombia/10-pesos-oro-1943/,301,existing,high
/en/collection/colombia/2-pesos-oro-1955,/en/collection/colombia/2-pesos-oro-1944/,301,existing,high
/en/collection/colombia/banco-de-la-republica-2000-pesos-oro,/en/collection/colombia/2000-pesos-oro-1983/,301,existing,high
/en/collection/filipinas/,/en/collection/philippines/,301,category-hub,high
/en/collection/united-states/renci,/en/collection/united-states/rency/,301,existing,high
/en/collection/united-states/renci/messi-you-have-to-fight-to-reach-your-dream,/en/collection/united-states/rency/messi-you-have-to-fight-to-reach-your-dream/,301,existing,high
/en/collection/united-states/renci/pele-the-beautiful-game,/en/collection/united-states/rency/pele-the-beautiful-game/,301,existing,high
/en/collection/united-states/renci/trump-never-surrender,/en/collection/united-states/rency/trump-never-surrender/,301,existing,high
/en/collection/united-states/renci/warhol-basquiat-life-is-beautiful,/en/collection/united-states/rency/warhol-basquiat-life-is-beautiful/,301,existing,high
/en/collection/world-polymer/canada,/en/collection/world-polymer/Canada/,301,existing,high
/en/collection/world-polymer/north-america/canada,/en/collection/world-polymer/Canada/,301,existing,high
/en/contact.dc.html,/en/contact/,301,existing,high
/en/contacto/,/en/contact/,301,existing,high
/en/glosario/,/en/glossary/,301,existing,high
/en/glosario/remainder/,/en/glossary/remainder/,301,last-slug,high
/en/glossary/remainder/,/en/glossary/remainder/,200,exists,high
/en/netherlands-numismatica,/en/collection/netherlands-numismatics/,301,existing,high
/en/netherlands-numismatica/ducado-utrecht-1761,/en/collection/netherlands-numismatics/ducado-utrecht-1761/,301,existing,high
/en/nosotros,/en/about/,301,existing,high
/en/noticias/,/en/news/,301,existing,high
/en/paises-bajos-numismatica,/en/collection/netherlands-numismatics/,301,existing,high
/en/paises-bajos-numismatica/ducado-utrecht-1761,/en/collection/netherlands-numismatics/ducado-utrecht-1761/,301,existing,high
/en/politica-privacidad-cookies/,/en/privacy-cookies/,301,existing,high
/en/sobre-mi,/en/about/,301,existing,high
/nosotros,/acerca-de/,301,existing,high
/paises-bajos-numismatica,/coleccion/paises-bajos-numismatica/,301,existing,high
/paises-bajos-numismatica/ducado-utrecht-1761,/coleccion/paises-bajos-numismatica/ducado-utrecht-1761/,301,existing,high
/sobre-mi,/acerca-de/,301,existing,high
/tienda/carrito/,,410,gone,high
/wp-content/uploads/old-shop,,410,gone,high
